{"nodes":{"node:1":{"location":{"x":0,"y":0}},"node:16":{"location":{"x":300,"y":80}},"node:23":{"location":{"x":0,"y":160}},"node:25":{"location":{"x":300,"y":160}},"node:27":{"location":{"x":0,"y":240}},"node:34":{"location":{"x":300,"y":240}},"node:41":{"location":{"x":0,"y":320}},"node:48":{"location":{"x":300,"y":320}},"node:55":{"location":{"x":0,"y":400}},"node:63":{"location":{"x":300,"y":400}},"node:71":{"location":{"x":0,"y":400}},"node:88":{"location":{"x":-691,"y":239}},"node:9":{"location":{"x":0,"y":80}}},"selection":null,"view":{"scroll":{"x":-791.85321044921875,"y":-92.1186904907226562},"visible_rect":{"max":{"x":518.3983154296875,"y":621.31500244140625},"min":{"x":-869.42315673828125,"y":-101.14263916015625}},"zoom":0.910780012607574463}}