{"nodes":{"node:17":{"location":{"x":-600,"y":-150}},"node:2":{"location":{"x":-200,"y":150}},"node:24":{"location":{"x":-350,"y":-100}},"node:32":{"location":{"x":-500,"y":0}},"node:39":{"location":{"x":-150,"y":0}},"node:61":{"location":{"x":50,"y":0}},"node:78":{"location":{"x":250,"y":0}},"node:8":{"location":{"x":-350,"y":0}},"node:86":{"location":{"x":450,"y":0}}},"selection":null,"view":{"scroll":{"x":-595.3375244140625,"y":-325.145538330078125},"visible_rect":{"max":{"x":671.48382568359375,"y":338.275787353515625},"min":{"x":-597.8494873046875,"y":-326.5174560546875}},"zoom":0.995798349380493164}}