{"nodes":{"node:12":{"location":{"x":520,"y":-803}},"node:130":{"location":{"x":1290,"y":-838}},"node:155":{"location":{"x":4273,"y":-919}},"node:171":{"location":{"x":1308,"y":-671}},"node:182":{"location":{"x":3345,"y":-751}},"node:196":{"location":{"x":3336,"y":-902}},"node:2":{"location":{"x":885,"y":-1159}},"node:218":{"location":{"x":3023,"y":-632}},"node:230":{"location":{"x":4481,"y":-983}},"node:25":{"location":{"x":-57,"y":-923}},"node:282":{"location":{"x":2819,"y":-616}},"node:293":{"location":{"x":3144,"y":-815}},"node:307":{"location":{"x":4728,"y":-929}},"node:321":{"location":{"x":261,"y":-763}},"node:335":{"location":{"x":2799,"y":-836}},"node:36":{"location":{"x":220,"y":-944}},"node:360":{"location":{"x":2961,"y":-943}},"node:375":{"location":{"x":2961,"y":-802}},"node:390":{"location":{"x":3806,"y":-902}},"node:403":{"location":{"x":4077,"y":-919}},"node:417":{"location":{"x":1745,"y":-1183}},"node:431":{"location":{"x":1745,"y":-1297}},"node:445":{"location":{"x":1708,"y":-1030}},"node:456":{"location":{"x":1553,"y":-879}},"node:470":{"location":{"x":2533,"y":-1000}},"node:48":{"location":{"x":744,"y":-785}},"node:602":{"location":{"x":3557,"y":-1005}},"node:61":{"location":{"x":1006,"y":-823}},"node:674":{"location":{"x":1098,"y":-1269}},"node:757":{"location":{"x":1242,"y":-1144}},"node:796":{"location":{"x":1553,"y":-991}},"node:807":{"location":{"x":1553,"y":-751}},"node:821":{"location":{"x":2235,"y":-1008}},"node:833":{"location":{"x":2075,"y":-960}},"node:845":{"location":{"x":1896,"y":-912}},"node:857":{"location":{"x":1966,"y":-671}},"node:869":{"location":{"x":1781,"y":-751}},"node:880":{"location":{"x":1970,"y":-791}},"node:892":{"location":{"x":2162,"y":-737}},"node:906":{"location":{"x":2348,"y":-768}},"node:908":{"location":{"x":2668,"y":-495}},"node:921":{"location":{"x":4085,"y":-1311}}},"selection":["link:382"],"view":{"scroll":{"x":1826.550048828125,"y":-952.44110107421875},"visible_rect":{"max":{"x":3716.277099609375,"y":-387.90301513671875},"min":{"x":2439.476806640625,"y":-1272.0472412109375}},"zoom":0.748746693134307861}}