{"nodes":{"node:1":{"location":{"x":-203,"y":152}},"node:106":{"location":{"x":88,"y":160}},"node:113":{"location":{"x":252,"y":160}},"node:120":{"location":{"x":177,"y":272}},"node:130":{"location":{"x":-387,"y":351}},"node:137":{"location":{"x":-387,"y":287}},"node:144":{"location":{"x":451,"y":-84}},"node:158":{"location":{"x":-340,"y":207}},"node:16":{"location":{"x":-600,"y":-150}},"node:160":{"location":{"x":-148,"y":329}},"node:167":{"location":{"x":-32,"y":272}},"node:175":{"location":{"x":250,"y":59}},"node:183":{"location":{"x":74,"y":-87}},"node:23":{"location":{"x":-350,"y":-100}},"node:31":{"location":{"x":-500,"y":0}},"node:38":{"location":{"x":-150,"y":0}},"node:7":{"location":{"x":-350,"y":0}},"node:70":{"location":{"x":245,"y":-105}},"node:87":{"location":{"x":376,"y":264}},"node:95":{"location":{"x":645,"y":-105}}},"selection":["node:113"],"view":{"scroll":{"x":-631.52008056640625,"y":-294.427886962890625},"visible_rect":{"max":{"x":843.306640625,"y":484.76287841796875},"min":{"x":-842.02685546875,"y":-392.570556640625}},"zoom":0.749999940395355225}}