{"nodes":{"node:12":{"location":{"x":520,"y":-803}},"node:129":{"location":{"x":1290,"y":-838}},"node:154":{"location":{"x":4273,"y":-919}},"node:170":{"location":{"x":1308,"y":-671}},"node:181":{"location":{"x":3216,"y":-716}},"node:195":{"location":{"x":3313,"y":-921}},"node:2":{"location":{"x":885,"y":-1159}},"node:217":{"location":{"x":3011,"y":-659}},"node:229":{"location":{"x":4650,"y":-951}},"node:25":{"location":{"x":-57,"y":-923}},"node:281":{"location":{"x":2807,"y":-643}},"node:292":{"location":{"x":3146,"y":-850}},"node:306":{"location":{"x":4897,"y":-945}},"node:320":{"location":{"x":261,"y":-763}},"node:334":{"location":{"x":2780,"y":-853}},"node:359":{"location":{"x":2967,"y":-956}},"node:36":{"location":{"x":220,"y":-944}},"node:374":{"location":{"x":2961,"y":-816}},"node:389":{"location":{"x":3806,"y":-902}},"node:402":{"location":{"x":4077,"y":-919}},"node:416":{"location":{"x":1489,"y":-1231}},"node:430":{"location":{"x":1489,"y":-1345}},"node:444":{"location":{"x":1452,"y":-1078}},"node:455":{"location":{"x":1557,"y":-874}},"node:469":{"location":{"x":2533,"y":-1000}},"node:48":{"location":{"x":744,"y":-785}},"node:60":{"location":{"x":1006,"y":-823}},"node:601":{"location":{"x":3557,"y":-1005}},"node:673":{"location":{"x":1326,"y":-1347}},"node:756":{"location":{"x":1269,"y":-996}},"node:790":{"location":{"x":1553,"y":-991}},"node:801":{"location":{"x":1557,"y":-746}},"node:815":{"location":{"x":4461,"y":-933}},"node:829":{"location":{"x":2235,"y":-1008}},"node:841":{"location":{"x":2075,"y":-960}},"node:853":{"location":{"x":1896,"y":-912}},"node:865":{"location":{"x":1966,"y":-671}},"node:877":{"location":{"x":1781,"y":-751}},"node:888":{"location":{"x":1970,"y":-791}},"node:900":{"location":{"x":2162,"y":-737}},"node:914":{"location":{"x":2348,"y":-768}},"node:916":{"location":{"x":2748,"y":-255}},"node:929":{"location":{"x":4085,"y":-1311}}},"selection":null,"view":{"scroll":{"x":71.7489776611328125,"y":-748.0751953125},"visible_rect":{"max":{"x":5053.78515625,"y":639.1661376953125},"min":{"x":217.421157836914062,"y":-2266.894775390625}},"zoom":0.329999983310699463}}