{"nodes":{"node:1":{"location":{"x":-200,"y":150}},"node:16":{"location":{"x":-600,"y":-150}},"node:23":{"location":{"x":-350,"y":-100}},"node:31":{"location":{"x":-500,"y":0}},"node:38":{"location":{"x":-150,"y":0}},"node:60":{"location":{"x":50,"y":0}},"node:7":{"location":{"x":-350,"y":0}},"node:77":{"location":{"x":250,"y":0}},"node:85":{"location":{"x":450,"y":0}}},"selection":["node:16"],"view":{"scroll":{"x":-930.22735595703125,"y":-323.072479248046875},"visible_rect":{"max":{"x":333.77264404296875,"y":334.927520751953125},"min":{"x":-930.22735595703125,"y":-323.072479248046875}},"zoom":1}}