{"nodes":{"node:12":{"location":{"x":520,"y":-803}},"node:129":{"location":{"x":1290,"y":-838}},"node:154":{"location":{"x":4273,"y":-919}},"node:170":{"location":{"x":1308,"y":-671}},"node:181":{"location":{"x":3345,"y":-735}},"node:195":{"location":{"x":3336,"y":-902}},"node:2":{"location":{"x":885,"y":-1159}},"node:217":{"location":{"x":3023,"y":-632}},"node:229":{"location":{"x":4481,"y":-983}},"node:25":{"location":{"x":-57,"y":-923}},"node:281":{"location":{"x":2819,"y":-616}},"node:292":{"location":{"x":3144,"y":-801}},"node:306":{"location":{"x":4728,"y":-929}},"node:320":{"location":{"x":261,"y":-763}},"node:334":{"location":{"x":2799,"y":-836}},"node:359":{"location":{"x":2961,"y":-943}},"node:36":{"location":{"x":220,"y":-944}},"node:374":{"location":{"x":2961,"y":-802}},"node:389":{"location":{"x":3806,"y":-902}},"node:402":{"location":{"x":4077,"y":-919}},"node:416":{"location":{"x":1745,"y":-1183}},"node:430":{"location":{"x":1745,"y":-1297}},"node:444":{"location":{"x":1708,"y":-1030}},"node:455":{"location":{"x":1553,"y":-879}},"node:469":{"location":{"x":2533,"y":-1000}},"node:48":{"location":{"x":744,"y":-785}},"node:60":{"location":{"x":1006,"y":-823}},"node:601":{"location":{"x":3557,"y":-1005}},"node:673":{"location":{"x":1098,"y":-1269}},"node:756":{"location":{"x":1242,"y":-1144}},"node:795":{"location":{"x":1553,"y":-991}},"node:806":{"location":{"x":1553,"y":-751}},"node:820":{"location":{"x":2235,"y":-1008}},"node:832":{"location":{"x":2075,"y":-960}},"node:844":{"location":{"x":1896,"y":-912}},"node:856":{"location":{"x":1966,"y":-671}},"node:868":{"location":{"x":1781,"y":-751}},"node:879":{"location":{"x":1970,"y":-791}},"node:891":{"location":{"x":2162,"y":-737}},"node:905":{"location":{"x":2348,"y":-768}},"node:907":{"location":{"x":2668,"y":-495}},"node:920":{"location":{"x":4085,"y":-1311}}},"selection":null,"view":{"scroll":{"x":5037.787109375,"y":-1672.30078125},"visible_rect":{"max":{"x":3995.85888671875,"y":-673.53399658203125},"min":{"x":3358.525390625,"y":-1114.867431640625}},"zoom":1.49999964237213135}}