{"nodes":{"node:1":{"location":{"x":407,"y":255}},"node:16":{"location":{"x":101,"y":47}},"node:23":{"location":{"x":-93,"y":316}},"node:25":{"location":{"x":83,"y":316}},"node:27":{"location":{"x":-100,"y":238}},"node:34":{"location":{"x":83,"y":237}},"node:41":{"location":{"x":409,"y":385}},"node:48":{"location":{"x":590,"y":384}},"node:55":{"location":{"x":-91,"y":143}},"node:63":{"location":{"x":99,"y":142}},"node:9":{"location":{"x":-80,"y":48}}},"selection":null,"view":{"scroll":{"x":-318.78582763671875,"y":37.8678359985351562},"visible_rect":{"max":{"x":756.17132568359375,"y":556.69427490234375},"min":{"x":-255.028671264648438,"y":30.2942695617675781}},"zoom":1.25}}