{"nodes":{"node:1":{"location":{"x":-200,"y":150}},"node:103":{"location":{"x":-4,"y":320}},"node:110":{"location":{"x":-126,"y":224}},"node:119":{"location":{"x":-467,"y":367}},"node:126":{"location":{"x":-467,"y":303}},"node:133":{"location":{"x":-190,"y":366}},"node:147":{"location":{"x":76,"y":367}},"node:149":{"location":{"x":-388,"y":457}},"node:16":{"location":{"x":-600,"y":-150}},"node:23":{"location":{"x":-350,"y":-100}},"node:31":{"location":{"x":-500,"y":0}},"node:38":{"location":{"x":-150,"y":0}},"node:60":{"location":{"x":50,"y":0}},"node:7":{"location":{"x":-350,"y":0}},"node:77":{"location":{"x":250,"y":0}},"node:85":{"location":{"x":450,"y":0}},"node:96":{"location":{"x":44,"y":192}}},"selection":null,"view":{"scroll":{"x":-730.6307373046875,"y":59.2780799865722656},"visible_rect":{"max":{"x":426.69561767578125,"y":573.82275390625},"min":{"x":-584.5048828125,"y":47.4224853515625}},"zoom":1.24999940395355225}}