{"nodes":{"node:1":{"location":{"x":-20,"y":240}},"node:15":{"location":{"x":192,"y":257}},"node:22":{"location":{"x":-339,"y":-241}},"node:29":{"location":{"x":-308,"y":-102}},"node:36":{"location":{"x":-292,"y":-6}},"node:43":{"location":{"x":-405,"y":155}},"node:60":{"location":{"x":124,"y":-224}},"node:62":{"location":{"x":300,"y":50}},"node:64":{"location":{"x":-308,"y":-182}},"node:71":{"location":{"x":-94,"y":-207}},"node:8":{"location":{"x":192,"y":207}}},"selection":null,"view":{"scroll":{"x":-753.185302734375,"y":-328.015899658203125},"visible_rect":{"max":{"x":510.814697265625,"y":329.984100341796875},"min":{"x":-753.185302734375,"y":-328.015899658203125}},"zoom":1}}