{"nodes":{"node:1":{"location":{"x":-300,"y":-100}},"node:15":{"location":{"x":-300,"y":0}},"node:22":{"location":{"x":-300,"y":70}},"node:29":{"location":{"x":-276,"y":153}},"node:36":{"location":{"x":-276,"y":233}},"node:43":{"location":{"x":0,"y":0}},"node:60":{"location":{"x":300,"y":-50}},"node:62":{"location":{"x":300,"y":50}},"node:8":{"location":{"x":-300,"y":-50}}},"selection":null,"view":{"scroll":{"x":-592.45513916015625,"y":-213.990066528320312},"visible_rect":{"max":{"x":537.2359619140625,"y":355.207977294921875},"min":{"x":-473.964141845703125,"y":-171.192062377929688}},"zoom":1.24999988079071045}}